member_name,member_email,member_github,member_twitter,member_tags,member_location,activity_action,activity_description,activity_url
,rene@schulistschmidt.name,,,"","East Jackie, South Carolina",issue:opened,"If we calculate the port, we can get to the RAM program through the online JBOD matrix!",https://github.com/juliann/bluetooth/pulls/128
Sonny Huel,dwayne.becker@oconnellcruickshank.com,,,"","Dickimouth, Idaho, Oman",tweet:liked,"Quaerat fugit numquam neque.",https://twitter.com/clifford.gulgowski/status/3643119112673634292
,rudolf@crist.info,,tamar.ryan,"mobile,online","Enriquemouth, Illinois",pull_request:merged,"Navigating the sensor won't do anything, we need to input the virtual hdd pixel!",https://github.com/ashley/neural/pulls/339
Bong Herman,blythe.johnston@kuvalisfritsch.io,,mariann_leannon,"","East Jeneeville, Vermont, French Guiana",mention:sent,"Earum vel omnis labore.",https://twitter.com/burl/status/8476611209063833369
,derick.reilly@bernhard.co,thea_kautzer,kyle.shanahan,"online","New Mohamedville, North Carolina",pull_request:opened,"I'll override the primary SDD card, that should panel the SAS transmitter!",https://github.com/kyra/haptic/pulls/638
Janis Kuhn II,candida@wuckert.co,stewart,antonia,"auxiliary","Somerland, Argentina",pull_request:merged,"Parsing the driver won't do anything, we need to parse the 1080p hdd alarm!",https://github.com/tara/redundant/pulls/656
,calvin@gaylord.co,,,"mobile,haptic,multi-byte","Sterlingborough, Oklahoma",tweet:liked,"Ut et veritatis amet.",https://twitter.com/mirta/status/1499758522658291956
Dr. Arron Kreiger,karri_sanford@robertswillms.name,,earle,"primary","Bergstromborough, China",tweet:retweeted,"Dolorem quo quis eum.",https://twitter.com/kacy.stiedemann/status/8306937712047251735
Pasquale Wisoky I,valerie.zieme@barrows.name,,,"","Smithbury, Wyoming, Grenada",tweet:retweeted,"Enim velit occaecati sunt.",https://twitter.com/jared/status/5208628531482225710
,travis@okuneva.org,,,"wireless,bluetooth,virtual,mobile","North Lachelle, Vermont",pull_request:merged,"If we copy the array, we can get to the AI program through the redundant CSS interface!",https://github.com/jackson.bashirian/wireless/pulls/912
Dr. Deangelo Rowe,katelynn@ritchie.net,tracy_legros,carson_paucek,"optical","Wilfredoport, California, Jersey",mention:sent,"Fugiat qui animi dolore.",https://twitter.com/esperanza/status/6557095737428158990
Leon Deckow,tabitha@moen.io,,,"mobile","East Jeanmouth, Mexico",pull_request:opened,"We need to quantify the haptic SQL alarm!",https://github.com/vera.collier/haptic/pulls/647
Miss Brad Padberg,toby@adams.biz,tony.goyette,horace,"digital,bluetooth,haptic","South Kashabury",issue:opened,"Use the bluetooth SMTP driver, then you can reboot the neural alarm!",https://github.com/tona.fahey/digital/pulls/788
,vincenza_deckow@corwin.co,,ciera_bogan,"auxiliary,optical,bluetooth","Hartmannport, Libyan Arab Jamahiriya",issue:opened,"I'll copy the back-end CSS program, that should application the GB program!",https://github.com/denis/open-source/pulls/571
Mose Kihn,federico_anderson@west.name,elfriede_reynolds,leia.haag,"online,digital","Lake Pa, Virginia, Bahamas",pull_request:opened,"If we input the capacitor, we can get to the PCI firewall through the optical SQL capacitor!",https://github.com/wendi/digital/pulls/648
,aaron_price@metz.info,ione,,"bluetooth,haptic,primary","North Normanstad, Egypt",tweet:retweeted,"Laboriosam quisquam architecto quaerat.",https://twitter.com/marty.schroeder/status/7505725446627262037
,daniell@corwin.name,,junior_moriette,"","Pricillabury, Faroe Islands",mention:sent,"Inventore porro tenetur distinctio.",https://twitter.com/evon/status/7095300514813128098
Luciano Runte III,margarito@berge.io,,herbert,"neural,mobile,haptic","South Deweyport, Belgium",issue:opened,"The SDD hard drive is down, program the 1080p program so we can bypass the CSS capacitor!",https://github.com/adolfo.frami/virtual/pulls/956
,leontine.krajcik@goldner.org,,,"redundant,wireless,virtual","Evaborough, Rhode Island, Namibia",pull_request:opened,"I'll calculate the optical THX driver, that should bandwidth the USB system!",https://github.com/scott/open-source/pulls/36
,pedro@kiehn.net,lizeth,irving,"virtual","Byronburgh, Iowa",pull_request:opened,"We need to bypass the virtual ADP card!",https://github.com/rico.daugherty/bluetooth/pulls/87
Lamar Legros,hiram.auer@zemlakmarks.info,meta,isaias.christiansen,"solid state","McDermottberg",mention:sent,"Sed dolore et ea.",https://twitter.com/carrol_jones/status/4728894520344124712
,mazie@walter.biz,edwin,bruno.cummings,"bluetooth","South Theo, Arizona, Bahrain",issue:opened,"Use the digital HTTP transmitter, then you can reboot the solid state port!",https://github.com/trey.barrows/1080p/pulls/239
,anglea.zulauf@gusikowski.name,,,"online","South Altagracia",issue:opened,"The RAM circuit is down, index the 1080p bus so we can override the FTP firewall!",https://github.com/roman/open-source/pulls/451
,yelena@bernierfranecki.name,alma,,"online,virtual,mobile,digital","Adolfoburgh, Michigan, Lao People's Democratic Republic",pull_request:opened,"The EXE hard drive is down, transmit the neural array so we can calculate the RAM firewall!",https://github.com/lydia_wiza/auxiliary/pulls/189
,alvaro.haag@moriette.net,ron_schinner,moira.altenwerth,"haptic,multi-byte,1080p,wireless","Jordanmouth, Oregon, Sri Lanka",mention:sent,"Voluptatibus qui sunt autem.",https://twitter.com/enola.bergnaum/status/7664296788090065972
Eartha Mills,byron@wunschlegros.name,dwight.rippin,,"","Port Teodorabury",tweet:liked,"Maxime nostrum dolores occaecati.",https://twitter.com/heriberto/status/4480688757550462598
Malisa Mante,joslyn_kertzmann@heathcote.co,dane_bahringer,maurine,"back-end,mobile,bluetooth","New Sasha, Kansas, Monaco",pull_request:opened,"The IB program is down, override the solid state pixel so we can navigate the XSS capacitor!",https://github.com/damaris_osinski/bluetooth/pulls/531
Ms. Dewayne Wyman,cami@oconnellgleason.info,kasey_mitchell,,"virtual,neural,open-source,online","Rohanshire",issue:opened,"Try to calculate the COM array, maybe it will input the virtual bandwidth!",https://github.com/sherell_kuvalis/haptic/pulls/730
,wilbert_hegmann@beattywolf.net,,isreal,"digital,multi-byte,haptic","South Petrafurt, Russian Federation",tweet:retweeted,"Et eius similique velit.",https://twitter.com/shane.blick/status/2283748271806631451
,dante@kautzer.biz,,chung.oconnell,"neural,haptic,optical,multi-byte","Port Nikiastad, Grenada",pull_request:opened,"Use the auxiliary EXE pixel, then you can index the digital alarm!",https://github.com/lucienne/online/pulls/615
,vernell_moore@beer.io,,,"cross-platform,redundant,neural,digital","East Cheree",tweet:liked,"Nostrum vitae omnis aut.",https://twitter.com/sammy_monahan/status/5821143705546843993
Dr. Twana Sauer,allison.ryan@trantowhettinger.biz,,miles,"mobile,redundant","Huelston, Nevada, Montserrat",pull_request:opened,"I'll input the virtual SQL bandwidth, that should application the SCSI interface!",https://github.com/detra.macejkovic/wireless/pulls/427
Abdul Brekke,gerard.krajcik@greenfelder.com,,,"optical","Bennyburgh",mention:sent,"Nulla dicta nesciunt et.",https://twitter.com/zena/status/168854734924783192
Anja Ernser,teddy@oberbrunnermoen.com,,,"redundant,neural","Gladysbury, Nevada, Falkland Islands (Malvinas)",pull_request:merged,"We need to calculate the primary SAS transmitter!",https://github.com/armand/online/pulls/232
,rogelio@hillsmarquardt.name,delia,wesley_padberg,"neural","Vaughnton, Turkey",issue:opened,"The XML bandwidth is down, bypass the bluetooth array so we can copy the PNG hard drive!",https://github.com/beau/virtual/pulls/232
,duane_stark@oreillyschoen.io,arlene,raphael.cartwright,"mobile,1080p","East Mckinley, Slovenia",issue:opened,"The RAM application is down, synthesize the primary firewall so we can override the FTP program!",https://github.com/arthur_mertz/haptic/pulls/56
Wilbert Mills,milton@mills.name,maryjo.johnson,jeia.jones,"auxiliary,1080p,neural","Tempieborough, Falkland Islands (Malvinas)",pull_request:merged,"The XML bus is down, transmit the haptic system so we can quantify the XSS interface!",https://github.com/alane/redundant/pulls/487
,mitchell@jacobiyundt.net,chad.brakus,,"mobile","Kleintown, Maine, China",issue:opened,"If we hack the circuit, we can get to the AGP firewall through the solid state HDD system!",https://github.com/elouise/1080p/pulls/383
Mrs. Filiberto Rolfson,eugene@creminframi.biz,,blaine.corkery,"primary,virtual,mobile,multi-byte","Chrystalland, Kyrgyz Republic",tweet:liked,"Et molestiae occaecati est.",https://twitter.com/keila/status/3531510300210693350
,steffanie@franeckibartoletti.name,damian,eugenio,"bluetooth,open-source,mobile","North Giselle",pull_request:merged,"If we parse the bandwidth, we can get to the PCI bandwidth through the haptic IB card!",https://github.com/alec/wireless/pulls/502
Mrs. Malia O'Hara,rhoda_stracke@sipes.org,reyes,tim_hansen,"multi-byte,online,optical,redundant","North Loveview, Virginia, Morocco",pull_request:opened,"Try to back up the SAS sensor, maybe it will copy the multi-byte pixel!",https://github.com/devon/online/pulls/437
Edda Prohaska,rafaela@predovic.org,,,"cross-platform,online","Amiraton, Hawaii, Denmark",issue:opened,"We need to generate the multi-byte AGP firewall!",https://github.com/royal_tromp/solid state/pulls/714
,cleo@abernathysimonis.io,,,"optical","Port Donnamouth, Maryland, Malta",tweet:liked,"Aspernatur beatae repudiandae vel.",https://twitter.com/antony/status/2099459719952447679
Nicol Leffler,roselyn.bayer@ward.com,rachael_vandervort,wyatt,"multi-byte","Smithhaven, Republic of Korea",issue:opened,"If we parse the transmitter, we can get to the RSS bandwidth through the neural JBOD driver!",https://github.com/cris/optical/pulls/799
Dr. Regan Kohler,marge.satterfield@dicki.net,,,"","Hilpertside, Wyoming",pull_request:merged,"You can't quantify the port without backing up the haptic TCP pixel!",https://github.com/reggie_kautzer/auxiliary/pulls/77
Kym Gutkowski,carmelina@oharabreitenberg.io,,,"virtual,redundant,haptic","Hermannville, Maryland",pull_request:opened,"We need to generate the virtual CSS protocol!",https://github.com/kayleigh_davis/online/pulls/499
Wilbur McGlynn,gavin@dibbertleffler.net,,kieth,"wireless","East Al, Kansas",issue:opened,"Generating the card won't do anything, we need to quantify the neural com interface!",https://github.com/justine.brekke/optical/pulls/712
,jaqueline@rogahnlowe.org,hal,matilda_marks,"neural","South Mindi, Illinois, Puerto Rico",tweet:liked,"Maiores expedita est et.",https://twitter.com/aron/status/3581372908314848800
,cathrine_mckenzie@toy.biz,,lizzie.kling,"optical,digital,virtual,redundant","Port Peterfurt, West Virginia",tweet:liked,"Deserunt sit dolorum fugiat.",https://twitter.com/tran.rodriguez/status/3317884031118609012
,cherrie@friesenupton.co,,tawanna_champlin,"auxiliary,neural,online","New Gilbertshire",tweet:retweeted,"Sed sapiente neque fugiat.",https://twitter.com/shane/status/5603406153388832206
